{"departaments": [{"Kod_TERYT": 224013, "Województwo": "dolnośląskie", "Powiat": "ząbkowicki", "typ_JST": "GMW", "nazwa_urzędu_JST": "Urząd Miasta i Gminy w Bardzie", "miejscowość": "Bardo", "telefon_z_numerem_kierunkowym": "748171478"}, {"Kod_TERYT": 202011, "Województwo": "dolnośląskie", "Powiat": "dzierżoniowski", "typ_JST": "GM", "nazwa_urzędu_JST": "Urząd Miejski w Bielawie", "miejscowość": "Bielawa", "telefon_z_numerem_kierunkowym": "748334255"}, {"Kod_TERYT": 214023, "Województwo": "dolnośląskie", "Powiat": "oleśnicki", "typ_JST": "GMW", "nazwa_urzędu_JST": "Urząd Miejski w Bierutowie", "miejscowość": "Bierutów", "telefon_z_numerem_kierunkowym": "713146251"}, {"Kod_TERYT": 225033, "Województwo": "dolnośląskie", "Powiat": "zgorzelecki", "typ_JST": "GMW", "nazwa_urzędu_JST": "Urząd Miasta i Gminy w Bogatyni", "miejscowość": "Bogatynia", "telefon_z_numerem_kierunkowym": "757725115"}, {"Kod_TERYT": 221011, "Województwo": "dolnośląskie", "Powiat": "wałbrzyski", "typ_JST": "GM", "nazwa_urzędu_JST": "Urząd Miejski w Boguszowie-Gorcach", "miejscowość": "Boguszów-Gorce", "telefon_z_numerem_kierunkowym": "748449311"}, {"Kod_TERYT": 201011, "Województwo": "dolnośląskie", "Powiat": "bolesławiecki", "typ_JST": "GM", "nazwa_urzędu_JST": "Urząd Miasta Bolesławiec", "miejscowość": "Bolesławiec", "telefon_z_numerem_kierunkowym": "756456400"}, {"Kod_TERYT": 201022, "Województwo": "dolnośląskie", "Powiat": "bolesławiecki", "typ_JST": "GW", "nazwa_urzędu_JST": "Urząd Gminy Bolesławiec", "miejscowość": "Bolesławiec", "telefon_z_numerem_kierunkowym": "757323221"}, {"Kod_TERYT": 205023, "Województwo": "dolnośląskie", "Powiat": "jaworski", "typ_JST": "GMW", "nazwa_urzędu_JST": "Urząd Miejski w Bolkowie", "miejscowość": "Bolków", "telefon_z_numerem_kierunkowym": "757413215"}, {"Kod_TERYT": 217012, "Województwo": "dolnośląskie", "Powiat": "strzeliński", "typ_JST": "GW", "nazwa_urzędu_JST": "Urząd Gminy Borów", "miejscowość": "Borów", "telefon_z_numerem_kierunkowym": "713933221"}, {"Kod_TERYT": 222013, "Województwo": "dolnośląskie", "Powiat": "wołowski", "typ_JST": "GMW", "nazwa_urzędu_JST": "Urząd Miejski w Brzegu Dolnym", "miejscowość": "Brzeg Dolny", "telefon_z_numerem_kierunkowym": "713195117"}, {"Kod_TERYT": 208063, "Województwo": "dolnośląskie", "Powiat": "kłodzki", "typ_JST": "GMW", "nazwa_urzędu_JST": "Urząd Miasta i Gminy w Bystrzycy Kłodzkiej", "miejscowość": "Bystrzyca Kłodzka", "telefon_z_numerem_kierunkowym": "748117600"}, {"Kod_TERYT": 216013, "Województwo": "dolnośląskie", "Powiat": "polkowicki", "typ_JST": "GMW", "nazwa_urzędu_JST": "Urząd Miasta i Gminy w Chocianowie", "miejscowość": "Chocianów", "telefon_z_numerem_kierunkowym": "768185020"}, {"Kod_TERYT": 209011, "Województwo": "dolnośląskie", "Powiat": "legnicki", "typ_JST": "GM", "nazwa_urzędu_JST": "Urząd Miejski w Chojnowie", "miejscowość": "Chojnów", "telefon_z_numerem_kierunkowym": "768188285"}, {"Kod_TERYT": 209022, "Województwo": "dolnośląskie", "Powiat": "legnicki", "typ_JST": "GW", "nazwa_urzędu_JST": "Urząd Gminy Chojnów", "miejscowość": "Chojnów", "telefon_z_numerem_kierunkowym": "768188502"}, {"Kod_TERYT": 224022, "Województwo": "dolnośląskie", "Powiat": "ząbkowicki", "typ_JST": "GW", "nazwa_urzędu_JST": "Urząd Gminy Ciepłowody", "miejscowość": "Ciepłowody", "telefon_z_numerem_kierunkowym": "748103556"}, {"Kod_TERYT": 213012, "Województwo": "dolnośląskie", "Powiat": "milicki", "typ_JST": "GW", "nazwa_urzędu_JST": "Urząd Gminy Cieszków", "miejscowość": "Cieszków", "telefon_z_numerem_kierunkowym": "713848182"}, {"Kod_TERYT": 221042, "Województwo": "dolnośląskie", "Powiat": "wałbrzyski", "typ_JST": "GW", "nazwa_urzędu_JST": "Urząd Gminy Czarny Bór", "miejscowość": "Czarny Bór", "telefon_z_numerem_kierunkowym": "748450139"}, {"Kod_TERYT": 223012, "Województwo": "dolnośląskie", "Powiat": "wrocławski", "typ_JST": "GW", "nazwa_urzędu_JST": "Urząd Gminy Czernica", "miejscowość": "Czernica", "telefon_z_numerem_kierunkowym": "717265700"}, {"Kod_TERYT": 223022, "Województwo": "dolnośląskie", "Powiat": "wrocławski", "typ_JST": "GW", "nazwa_urzędu_JST": "Urząd Gminy Długołęka", "miejscowość": "Długołęka", "telefon_z_numerem_kierunkowym": "713230203"}, {"Kod_TERYT": 219032, "Województwo": "dolnośląskie", "Powiat": "świdnicki", "typ_JST": "GW", "nazwa_urzędu_JST": "Urząd Gminy Dobromierz", "miejscowość": "Dobromierz", "telefon_z_numerem_kierunkowym": "748586217"}, {"Kod_TERYT": 214032, "Województwo": "dolnośląskie", "Powiat": "oleśnicki", "typ_JST": "GW", "nazwa_urzędu_JST": "Urząd Gminy Dobroszyce", "miejscowość": "Dobroszyce", "telefon_z_numerem_kierunkowym": "713141167"}, {"Kod_TERYT": 215022, "Województwo": "dolnośląskie", "Powiat": "oławski", "typ_JST": "GW", "nazwa_urzędu_JST": "Urząd Gminy Domaniów", "miejscowość": "Domaniów", "telefon_z_numerem_kierunkowym": "713017735"}, {"Kod_TERYT": 208011, "Województwo": "dolnośląskie", "Powiat": "kłodzki", "typ_JST": "GM", "nazwa_urzędu_JST": "Urząd Miasta Duszniki-Zdrój", "miejscowość": "Duszniki-Zdrój", "telefon_z_numerem_kierunkowym": "748697660"}, {"Kod_TERYT": 214042, "Województwo": "dolnośląskie", "Powiat": "oleśnicki", "typ_JST": "GW", "nazwa_urzędu_JST": "Urząd Gminy Dziadowa Kłoda", "miejscowość": "Dziadowa Kłoda", "telefon_z_numerem_kierunkowym": "627869280"}, {"Kod_TERYT": 202021, "Województwo": "dolnośląskie", "Powiat": "dzierżoniowski", "typ_JST": "GM", "nazwa_urzędu_JST": "Urząd Miasta Dzierżoniów", "miejscowość": "Dzierżoniów", "telefon_z_numerem_kierunkowym": "746450800"}, {"Kod_TERYT": 202052, "Województwo": "dolnośląskie", "Powiat": "dzierżoniowski", "typ_JST": "GW", "nazwa_urzędu_JST": "Urząd Gminy Dzierżoniów", "miejscowość": "Dzierżoniów", "telefon_z_numerem_kierunkowym": "748325695"}, {"Kod_TERYT": 216022, "Województwo": "dolnośląskie", "Powiat": "polkowicki", "typ_JST": "GW", "nazwa_urzędu_JST": "Urząd Gminy Gaworzyce", "miejscowość": "Gaworzyce", "telefon_z_numerem_kierunkowym": "768316285"}, {"Kod_TERYT": 203011, "Województwo": "dolnośląskie", "Powiat": "głogowski", "typ_JST": "GM", "nazwa_urzędu_JST": "Urząd Miejski w Głogowie", "miejscowość": "Głogów", "telefon_z_numerem_kierunkowym": "767265400"}, {"Kod_TERYT": 203022, "Województwo": "dolnośląskie", "Powiat": "głogowski", "typ_JST": "GW", "nazwa_urzędu_JST": "Urząd Gminy Głogów", "miejscowość": "Głogów", "telefon_z_numerem_kierunkowym": "768365555"}, {"Kod_TERYT": 221053, "Województwo": "dolnośląskie", "Powiat": "wałbrzyski", "typ_JST": "GMW", "nazwa_urzędu_JST": "Urząd Miejski w Głuszycy", "miejscowość": "Głuszyca", "telefon_z_numerem_kierunkowym": "748459479"}, {"Kod_TERYT": 204013, "Województwo": "dolnośląskie", "Powiat": "górowski", "typ_JST": "GMW", "nazwa_urzędu_JST": "Urząd Miasta i Gminy w Górze", "miejscowość": "Góra", "telefon_z_numerem_kierunkowym": "655443600"}, {"Kod_TERYT": 216032, "Województwo": "dolnośląskie", "Powiat": "polkowicki", "typ_JST": "GW", "nazwa_urzędu_JST": "Urząd Gminy Grębocice", "miejscowość": "Grębocice", "telefon_z_numerem_kierunkowym": "768315501"}, {"Kod_TERYT": 201032, "Województwo": "dolnośląskie", "Powiat": "bolesławiecki", "typ_JST": "GW", "nazwa_urzędu_JST": "Urząd Gminy Gromadka", "miejscowość": "Gromadka", "telefon_z_numerem_kierunkowym": "757382452\n"}, {"Kod_TERYT": 212013, "Województwo": "dolnośląskie", "Powiat": "lwówecki", "typ_JST": "GMW", "nazwa_urzędu_JST": "Urząd Gminy i Miasta Gryfów Śląski", "miejscowość": "Gryfów Śląski", "telefon_z_numerem_kierunkowym": "757813552"}, {"Kod_TERYT": 206052, "Województwo": "dolnośląskie", "Powiat": "karkonoski", "typ_JST": "GW", "nazwa_urzędu_JST": "Urząd Gminy Janowice Wielkie", "miejscowość": "Janowice Wielkie", "telefon_z_numerem_kierunkowym": "757515124"}, {"Kod_TERYT": 205011, "Województwo": "dolnośląskie", "Powiat": "jaworski", "typ_JST": "GM", "nazwa_urzędu_JST": "Urząd Miasta Jawor", "miejscowość": "Jawor", "telefon_z_numerem_kierunkowym": "768702021"}, {"Kod_TERYT": 219043, "Województwo": "dolnośląskie", "Powiat": "świdnicki", "typ_JST": "GMW", "nazwa_urzędu_JST": "Urząd Miejski w Jaworzynie Śląskiej", "miejscowość": "Jaworzyna Śląska", "telefon_z_numerem_kierunkowym": "748588230"}, {"Kod_TERYT": 221021, "Województwo": "dolnośląskie", "Powiat": "wałbrzyski", "typ_JST": "GM", "nazwa_urzędu_JST": "Urząd Miasta Jedlina-Zdrój", "miejscowość": "Jedlina-Zdrój", "telefon_z_numerem_kierunkowym": "748455215"}, {"Kod_TERYT": 215033, "Województwo": "dolnośląskie", "Powiat": "oławski", "typ_JST": "GMW", "nazwa_urzędu_JST": "Urząd Miasta i Gminy Jelcz-Laskowice", "miejscowość": "Jelcz-Laskowice", "telefon_z_numerem_kierunkowym": "713817100"}, {"Kod_TERYT": 261011, "Województwo": "dolnośląskie", "Powiat": "karkonoski", "typ_JST": "MNP", "nazwa_urzędu_JST": "Urząd Miasta Jelenia Góra", "miejscowość": "Jelenia Góra", "telefon_z_numerem_kierunkowym": "757546101"}, {"Kod_TERYT": 204022, "Województwo": "dolnośląskie", "Powiat": "górowski", "typ_JST": "GW", "nazwa_urzędu_JST": "Urząd Gminy Jemielno", "miejscowość": "Jemielno", "telefon_z_numerem_kierunkowym": "655447479"}, {"Kod_TERYT": 203032, "Województwo": "dolnośląskie", "Powiat": "głogowski", "typ_JST": "GW", "nazwa_urzędu_JST": "Urząd Gminy Jerzmanowa", "miejscowość": "Jerzmanowa", "telefon_z_numerem_kierunkowym": "768312121"}, {"Kod_TERYT": 206062, "Województwo": "dolnośląskie", "Powiat": "karkonoski", "typ_JST": "GW", "nazwa_urzędu_JST": "Urząd Gminy Jeżów Sudecki", "miejscowość": "Jeżów Sudecki", "telefon_z_numerem_kierunkowym": "757132254"}, {"Kod_TERYT": 223032, "Województwo": "dolnośląskie", "Powiat": "wrocławski", "typ_JST": "GW", "nazwa_urzędu_JST": "Urząd Gminy Jordanów Śląski", "miejscowość": "Jordanów Śląski", "telefon_z_numerem_kierunkowym": "713911580"}, {"Kod_TERYT": 224033, "Województwo": "dolnośląskie", "Powiat": "ząbkowicki", "typ_JST": "GMW", "nazwa_urzędu_JST": "Urząd Gminy Kamieniec Ząbkowicki", "miejscowość": "Kamieniec Ząbkowicki", "telefon_z_numerem_kierunkowym": "748162010"}, {"Kod_TERYT": 207011, "Województwo": "dolnośląskie", "Powiat": "kamiennogórski", "typ_JST": "GM", "nazwa_urzędu_JST": "Urząd Miasta Kamienna Góra", "miejscowość": "Kamienna Góra", "telefon_z_numerem_kierunkowym": "756455110"}, {"Kod_TERYT": 207022, "Województwo": "dolnośląskie", "Powiat": "kamiennogórski", "typ_JST": "GW", "nazwa_urzędu_JST": "Urząd Gminy Kamienna Góra", "miejscowość": "Kamienna Góra", "telefon_z_numerem_kierunkowym": "756106292"}, {"Kod_TERYT": 206011, "Województwo": "dolnośląskie", "Powiat": "karkonoski", "typ_JST": "GM", "nazwa_urzędu_JST": "Urząd Miejski w Karpaczu", "miejscowość": "Karpacz", "telefon_z_numerem_kierunkowym": "757619150"}, {"Kod_TERYT": 223043, "Województwo": "dolnośląskie", "Powiat": "wrocławski", "typ_JST": "GMW", "nazwa_urzędu_JST": "Urząd Miasta i Gminy w Kątach Wrocławskich", "miejscowość": "Kąty Wrocławskie", "telefon_z_numerem_kierunkowym": "713907200"}, {"Kod_TERYT": 208021, "Województwo": "dolnośląskie", "Powiat": "kłodzki", "typ_JST": "GM", "nazwa_urzędu_JST": "Urząd Miasta Kłodzko", "miejscowość": "Kłodzko", "telefon_z_numerem_kierunkowym": "748654600"}, {"Kod_TERYT": 208072, "Województwo": "dolnośląskie", "Powiat": "kłodzki", "typ_JST": "GW", "nazwa_urzędu_JST": "Urząd Gminy Kłodzko", "miejscowość": "Kłodzko", "telefon_z_numerem_kierunkowym": "746474100"}, {"Kod_TERYT": 223052, "Województwo": "dolnośląskie", "Powiat": "wrocławski", "typ_JST": "GW", "nazwa_urzędu_JST": "Urząd Gminy Kobierzyce", "miejscowość": "Kobierzyce", "telefon_z_numerem_kierunkowym": "713698130"}, {"Kod_TERYT": 217022, "Województwo": "dolnośląskie", "Powiat": "strzeliński", "typ_JST": "GW", "nazwa_urzędu_JST": "Urząd Gminy Kondratowice", "miejscowość": "Kondratowice", "telefon_z_numerem_kierunkowym": "713926060"}, {"Kod_TERYT": 218012, "Województwo": "dolnośląskie", "Powiat": "średzki", "typ_JST": "GW", "nazwa_urzędu_JST": "Urząd Gminy Kostomłoty", "miejscowość": "Kostomłoty", "telefon_z_numerem_kierunkowym": "713170283"}, {"Kod_TERYT": 203042, "Województwo": "dolnośląskie", "Powiat": "głogowski", "typ_JST": "GW", "nazwa_urzędu_JST": "Urząd Gminy Kotla", "miejscowość": "Kotla", "telefon_z_numerem_kierunkowym": "768318361"}, {"Kod_TERYT": 206021, "Województwo": "dolnośląskie", "Powiat": "karkonoski", "typ_JST": "GM", "nazwa_urzędu_JST": "Urząd Miejski Kowary", "miejscowość": "Kowary", "telefon_z_numerem_kierunkowym": "756439222"}, {"Kod_TERYT": 213022, "Województwo": "dolnośląskie", "Powiat": "milicki", "typ_JST": "GW", "nazwa_urzędu_JST": "Urząd Gminy Krośnice", "miejscowość": "Krośnice", "telefon_z_numerem_kierunkowym": "713846000"}, {"Kod_TERYT": 209032, "Województwo": "dolnośląskie", "Powiat": "legnicki", "typ_JST": "GW", "nazwa_urzędu_JST": "Urząd Gminy Krotoszyce", "miejscowość": "Krotoszyce", "telefon_z_numerem_kierunkowym": "768878422"}, {"Kod_TERYT": 208031, "Województwo": "dolnośląskie", "Powiat": "kłodzki", "typ_JST": "GM", "nazwa_urzędu_JST": "Urząd Miasta Kudowa-Zdrój", "miejscowość": "Kudowa-Zdrój", "telefon_z_numerem_kierunkowym": "748661926"}, {"Kod_TERYT": 209042, "Województwo": "dolnośląskie", "Powiat": "legnicki", "typ_JST": "GW", "nazwa_urzędu_JST": "Urząd Gminy Kunice", "miejscowość": "Kunice", "telefon_z_numerem_kierunkowym": "768575322"}, {"Kod_TERYT": 208083, "Województwo": "dolnośląskie", "Powiat": "kłodzki", "typ_JST": "GMW", "nazwa_urzędu_JST": "Urząd Miasta i Gminy w Lądku-Zdroju", "miejscowość": 